﻿{
  "configurations": [
    {
      "name": "WSL-Release",
      "generator": "Unix Makefiles",
      "configurationType": "Release",
      "buildRoot": "${projectDir}\\out\\build\\${name}",
      "installRoot": "${projectDir}\\out\\install\\${name}",
      "cmakeExecutable": "/usr/bin/cmake",
      "cmakeCommandArgs": "",
      "buildCommandArgs": "",
      "ctestCommandArgs": "",
      "inheritEnvironments": [ "linux_x64" ],
      "wslPath": "${defaultWSLPath}",
      "addressSanitizerRuntimeFlags": "detect_leaks=0",
      "variables": []
    }
  ]
}